{"timestamp":1612155539166,"difficulty":["0xff"],"gasLimit":[10000000],"nodeCount":2,"startUpType":"docker","clientType":"geth","result":[{"timestamp":1612156411,"difficulty":"0xff","gasLimit":10000000,"throughput":[[4,13.22]],"generalLatency":[[4,111.8684984871407]],"txCompeltion":[[[4,0,0.5411764705882353],[4,2,0.5878787878787879],[4,4,0.6119096509240246],[4,6,0.6179560649474689],[4,8,0.6715210355987055],[4,10,0.6899583526145303],[4,12,0.7028365601080594],[4,14,0.7287234042553191],[4,16,0.7291866028708134],[4,18,0.7228915662650602],[4,20,0.7470817120622568]]],"detailedLatency":[[[4,0,115.48339130434782],[4,2,120.85505154639175],[4,4,123.39987248322147],[4,6,118.6287171561051],[4,8,114.72422570281124],[4,10,112.5934828973843],[4,12,117.49586483023702],[4,14,103.91563828061638],[4,16,104.29640288713911],[4,18,103.50438888888888],[4,20,92.69167708333333]]],"throughputBySec":[[4,[[0,0],[1,0],[2,1],[3,0],[4,0],[5,8],[6,1],[7,5],[8,5],[9,2],[10,0],[11,1],[12,25],[13,0],[14,0],[15,18],[16,12],[17,0],[18,4],[19,3],[20,14],[21,28],[22,3],[23,0],[24,13],[25,32],[26,5],[27,1],[28,32],[29,4],[30,0],[31,0],[32,41],[33,25],[34,11],[35,19],[36,2],[37,0],[38,54],[39,11],[40,32],[41,0],[42,11],[43,45],[44,2],[45,0],[46,0],[47,0],[48,35],[49,13],[50,40],[51,8],[52,8],[53,80],[54,25],[55,30],[56,11],[57,13],[58,0],[59,32],[60,25],[61,27],[62,6],[63,50],[64,61],[65,38],[66,41],[67,29],[68,6],[69,2],[70,9],[71,36],[72,0],[73,0],[74,0],[75,0],[76,0],[77,25],[78,22],[79,8],[80,39],[81,0],[82,14],[83,33],[84,0],[85,0],[86,0],[87,0],[88,0],[89,0],[90,0],[91,25],[92,88],[93,28],[94,44],[95,3],[96,26],[97,94],[98,26],[99,42],[100,46],[101,0],[102,17],[103,56],[104,19],[105,0],[106,37],[107,9],[108,0],[109,0],[110,0],[111,0],[112,0],[113,0],[114,0],[115,21],[116,25],[117,0],[118,0],[119,3],[120,74],[121,80],[122,27],[123,35],[124,11],[125,46],[126,0],[127,5],[128,75],[129,12],[130,44],[131,2],[132,0],[133,0],[134,29],[135,17],[136,43],[137,5],[138,43],[139,1],[140,0],[141,0],[142,0],[143,0],[144,11],[145,42],[146,53],[147,55],[148,26],[149,72],[150,14],[151,4],[152,41],[153,34],[154,11],[155,40],[156,5],[157,0],[158,33],[159,47],[160,10],[161,41],[162,10],[163,39],[164,10],[165,35],[166,30],[167,18],[168,82],[169,5],[170,0],[171,0],[172,0],[173,0],[174,0],[175,0],[176,25],[177,55],[178,30],[179,25],[180,15],[181,30],[182,0],[183,0],[184,0],[185,0],[186,0],[187,0],[188,0],[189,0],[190,0],[191,8],[192,37],[193,0],[194,0],[195,6],[196,40],[197,44],[198,0],[199,35],[200,10],[201,0],[202,0],[203,55],[204,32],[205,1],[206,0],[207,9],[208,35],[209,81],[210,7],[211,5],[212,39],[213,0],[214,0],[215,11],[216,28],[217,5],[218,0],[219,0],[220,0],[221,27],[222,17],[223,0],[224,0],[225,0],[226,0],[227,0],[228,0],[229,0],[230,0],[231,0],[232,0],[233,0],[234,0],[235,0],[236,0],[237,0],[238,2],[239,35],[240,35],[241,16],[242,11],[243,33],[244,0],[245,0],[246,23],[247,21],[248,0],[249,0],[250,0],[251,21],[252,16],[253,7],[254,5],[255,39],[256,0],[257,0],[258,0],[259,22],[260,29],[261,52],[262,51],[263,47],[264,44],[265,19],[266,0],[267,0],[268,0],[269,0],[270,0],[271,2],[272,39],[273,3],[274,0],[275,0],[276,0],[277,0],[278,6],[279,14],[280,20],[281,4],[282,0],[283,0],[284,0],[285,0],[286,0],[287,0],[288,0],[289,0],[290,0],[291,0],[292,0],[293,0],[294,4],[295,2],[296,16],[297,23],[298,10],[299,4],[300,17],[301,18],[302,4],[303,8],[304,16],[305,7],[306,0],[307,1],[308,0],[309,3],[310,36],[311,0],[312,0],[313,0],[314,3],[315,0],[316,0],[317,0],[318,1],[319,0],[320,0],[321,0],[322,0],[323,0],[324,0],[325,0],[326,0],[327,0],[328,0],[329,0],[330,0],[331,0],[332,0],[333,0],[334,0],[335,0],[336,0],[337,0],[338,0],[339,0],[340,0],[341,0],[342,0],[343,0],[344,0],[345,0],[346,0],[347,0],[348,0],[349,0],[350,0],[351,45],[352,0],[353,0],[354,0],[355,0],[356,3],[357,0],[358,0],[359,26],[360,19],[361,12],[362,1],[363,12],[364,3],[365,7],[366,0],[367,0],[368,0],[369,0],[370,0],[371,18],[372,7],[373,0],[374,0],[375,0],[376,10],[377,17],[378,0],[379,0],[380,10],[381,21],[382,21],[383,1],[384,19],[385,1],[386,0],[387,0],[388,0],[389,0],[390,0],[391,0],[392,0],[393,14],[394,0],[395,73],[396,0],[397,0],[398,0],[399,0],[400,21],[401,5],[402,14],[403,38],[404,2],[405,3],[406,19],[407,66],[408,0],[409,17],[410,10],[411,0],[412,0],[413,0],[414,0],[415,0],[416,0],[417,0],[418,0],[419,0],[420,0],[421,15],[422,14],[423,28],[424,3],[425,0],[426,36],[427,6],[428,0],[429,0],[430,0],[431,0],[432,0],[433,0],[434,0],[435,0],[436,0],[437,20],[438,18],[439,34],[440,1],[441,0],[442,0],[443,0],[444,23],[445,2],[446,62],[447,8],[448,2],[449,0],[450,0],[451,41],[452,1],[453,0],[454,0],[455,0],[456,0],[457,4],[458,0],[459,38],[460,5],[461,0],[462,0],[463,0],[464,0],[465,0],[466,0],[467,0],[468,22],[469,18],[470,0],[471,0],[472,0],[473,0],[474,0],[475,0],[476,0],[477,0],[478,35],[479,0],[480,0],[481,2],[482,0],[483,1],[484,0],[485,0],[486,4],[487,0],[488,18],[489,26],[490,0],[491,0],[492,0],[493,0],[494,0],[495,0],[496,0],[497,0],[498,0],[499,0],[500,0],[501,0],[502,0],[503,0],[504,0],[505,0],[506,0],[507,0],[508,0],[509,0],[510,0],[511,0],[512,0],[513,0],[514,0],[515,0],[516,0],[517,3],[518,30],[519,4],[520,1],[521,0],[522,0],[523,0],[524,0],[525,0],[526,0],[527,0],[528,0],[529,0],[530,0],[531,0],[532,0],[533,0],[534,0],[535,5],[536,36],[537,33],[538,8],[539,1],[540,1],[541,0],[542,3],[543,0],[544,0],[545,0],[546,1],[547,0],[548,0],[549,0],[550,0],[551,0],[552,0],[553,0],[554,0],[555,0],[556,0],[557,0],[558,0],[559,0],[560,7],[561,0],[562,0],[563,0],[564,0],[565,0],[566,0],[567,0],[568,0],[569,0],[570,0],[571,0],[572,0],[573,0],[574,0],[575,0],[576,0],[577,0],[578,108],[579,0],[580,78],[581,10],[582,11],[583,1],[584,1],[585,10],[586,29],[587,2],[588,0],[589,0],[590,0],[591,0],[592,0],[593,0],[594,0],[595,0],[596,0],[597,0],[598,0],[599,0]]]],