{"timestamp":1611975839201,"difficulty":["0x0"],"gasLimit":[10000000],"nodeCount":2,"startUpType":"docker","clientType":"geth","result":[{"timestamp":1611976590,"difficulty":"0x0","gasLimit":10000000,"throughput":[[4,11.433333333333334]],"generalLatency":[[4,18.13336341107872]],"txCompeltion":[[[4,0,0.8974358974358975],[4,2,0.7816901408450704],[4,4,0.8195266272189349],[4,6,0.8023560209424084],[4,8,0.828526890101325],[4,10,0.812039312039312],[4,12,0.8314176245210728],[4,14,0.8176838810641628],[4,16,0.8152454780361758],[4,18,0.8155080213903744],[4,20,0.861878453038674]]],"detailedLatency":[[[4,0,12.885342857142858],[4,2,19.827405405405404],[4,4,21.025509025270757],[4,6,20.079486133768352],[4,8,17.799460018814674],[4,10,17.637749621785176],[4,12,19.04942396313364],[4,14,17.767413397129186],[4,16,15.152664025356577],[4,18,17.2856131147541],[4,20,20.317833333333333]]],"failureInfo":[]}]}