{"timestamp":1612167281694,"difficulty":["0x0"],"gasLimit":[10000000],"nodeCount":2,"startUpType":"docker","clientType":"geth","result":[{"timestamp":1612167971,"difficulty":"0x0","gasLimit":10000000,"throughput":[[0.5,1.9916666666666667],[1,4],[2,8],[4,15.941666666666666]],"generalLatency":[[0.5,3.0031171548117155],[1,2.659039583333333],[2,1.7450458333333334],[4,2.0875222164140093]],"txCompeltion":[[[0.5,0,1],[0.5,2,1],[0.5,4,1],[0.5,6,1],[0.5,8,1],[0.5,10,0.9821428571428571],[0.5,12,1],[0.5,14,1],[0.5,16,1],[0.5,18,1],[0.5,20,1]],[[1,0,1],[1,2,1],[1,4,1],[1,6,1],[1,8,1],[1,10,1],[1,12,1],[1,14,1],[1,16,1],[1,18,1],[1,20,1]],[[2,0,1],[2,2,1],[2,4,1],[2,6,1],[2,8,1],[2,10,1],[2,12,1],[2,14,1],[2,16,1],[2,18,1],[2,20,1]],[[4,0,1],[4,2,1],[4,4,1],[4,6,1],[4,8,1],[4,10,1],[4,12,1],[4,14,1],[4,16,0.9938271604938271],[4,18,1],[4,20,1]]],"detailedLatency":[[[0.5,0,6.07],[0.5,2,5.017],[0.5,4,3.122916666666667],[0.5,6,2.896],[0.5,8,3.1566756756756758],[0.5,10,3.0383272727272725],[0.5,12,2.964225],[0.5,14,2.422875],[0.5,16,3.3765],[0.5,18,3.595285714285714],[0.5,20,2.6398]],[[1,0,2.7196666666666665],[1,2,2.8684285714285713],[1,4,2.565782608695652],[1,6,2.924274509803922],[1,8,2.685051948051948],[1,10,2.7283297872340424],[1,12,2.5872333333333333],[1,14,2.530968253968254],[1,16,2.4903142857142857],[1,18,2.6846551724137933],[1,20,2.4275]],[[2,0,1.8411666666666666],[2,2,1.8604],[2,4,1.760175],[2,6,1.7825978260869566],[2,8,1.6937615384615385],[2,10,1.7655284974093264],[2,12,1.7981155778894473],[2,14,1.6494586466165413],[2,16,1.7056521739130435],[2,18,1.8913823529411764],[2,20,1.5817619047619047]],[[4,0,2.2090666666666667],[4,2,1.7341379310344827],[4,4,2.143698275862069],[4,6,2.124905027932961],[4,8,2.1319384057971016],[4,10,2.147498591549296],[4,12,1.986216836734694],[4,14,2.0826840148698884],[4,16,1.9994534161490682],[4,18,2.1590568181818184],[4,20,2.407636363636364]]],"throughputBySec":[[0.5,[[0,0],[1,0],[2,1],[3,4],[4,0],[5,0],[6,0],[7,4],[8,4],[9,1],[10,0],[11,3],[12,2],[13,2],[14,4],[15,0],[16,1],[17,2],[18,6],[19,1],[20,0],[21,1],[22,5],[23,0],[24,0],[25,6],[26,2],[27,1],[28,0],[29,0],[30,3],[31,6],[32,2],[33,4],[34,0],[35,0],[36,3],[37,1],[38,0],[39,0],[40,0],[41,4],[42,4],[43,5],[44,1],[45,2],[46,1],[47,2],[48,0],[49,0],[50,10],[51,0],[52,0],[53,2],[54,0],[55,9],[56,0],[57,0],[58,0],[59,0],[60,7],[61,0],[62,0],[63,5],[64,4],[65,0],[66,4],[67,4],[68,0],[69,0],[70,5],[71,1],[72,2],[73,0],[74,0],[75,3],[76,5],[77,0],[78,0],[79,8],[80,1],[81,0],[82,0],[83,2],[84,6],[85,0],[86,2],[87,0],[88,0],[89,0],[90,5],[91,4],[92,1],[93,5],[94,2],[95,0],[96,5],[97,0],[98,0],[99,0],[100,0],[101,7],[102,3],[103,1],[104,0],[105,4],[106,4],[107,1],[108,0],[109,3],[110,4],[111,1],[112,0],[113,0],[114,3],[115,0],[116,0],[117,0],[118,0],[119,0]]],[1,[[0,0],[1,2],[2,0],[3,0],[4,4],[5,8],[6,0],[7,0],[8,0],[9,0],[10,0],[11,0],[12,0],[13,24],[14,12],[15,0],[16,0],[17,8],[18,8],[19,0],[20,0],[21,8],[22,4],[23,0],[24,1],[25,0],[26,11],[27,0],[28,0],[29,8],[30,0],[31,0],[32,0],[33,28],[34,0],[35,4],[36,6],[37,2],[38,0],[39,0],[40,16],[41,0],[42,0],[43,11],[44,1],[45,6],[46,5],[47,0],[48,1],[49,0],[50,8],[51,10],[52,2],[53,4],[54,0],[55,4],[56,8],[57,0],[58,1],[59,3],[60,16],[61,0],[62,0],[63,0],[64,13],[65,3],[66,2],[67,6],[68,4],[69,2],[70,10],[71,0],[72,8],[73,0],[74,0],[75,0],[76,14],[77,2],[78,0],[79,0],[80,16],[81,0],[82,0],[83,0],[84,12],[85,0],[86,4],[87,0],[88,8],[89,0],[90,8],[91,0],[92,0],[93,20],[94,0],[95,0],[96,0],[97,12],[98,0],[99,0],[100,16],[101,0],[102,8],[103,0],[104,4],[105,4],[106,2],[107,6],[108,4],[109,4],[110,8],[111,0],[112,8],[113,4],[114,0],[115,8],[116,4],[117,0],[118,8],[119,4]]],[2,[[0,0],[1,5],[2,8],[3,6],[4,4],[5,13],[6,11],[7,7],[8,1],[9,11],[10,9],[11,0],[12,12],[13,14],[14,2],[15,15],[16,2],[17,9],[18,12],[19,0],[20,11],[21,12],[22,4],[23,14],[24,0],[25,14],[26,5],[27,7],[28,13],[29,10],[30,5],[31,1],[32,17],[33,8],[34,2],[35,10],[36,9],[37,0],[38,15],[39,10],[40,11],[41,0],[42,1],[43,19],[44,12],[45,0],[46,11],[47,6],[48,10],[49,9],[50,8],[51,12],[52,3],[53,2],[54,14],[55,10],[56,0],[57,20],[58,0],[59,8],[60,16],[61,2],[62,2],[63,12],[64,13],[65,10],[66,0],[67,11],[68,9],[69,10],[70,6],[71,2],[72,19],[73,2],[74,4],[75,17],[76,8],[77,0],[78,17],[79,0],[80,4],[81,19],[82,9],[83,0],[84,10],[85,6],[86,16],[87,1],[88,14],[89,0],[90,17],[91,0],[92,16],[93,0],[94,2],[95,21],[96,1],[97,11],[98,9],[99,0],[100,12],[101,15],[102,0],[103,9],[104,15],[105,5],[106,0],[107,12],[108,16],[109,3],[110,2],[111,16],[112,0],[113,16],[114,3],[115,8],[116,11],[117,4],[118,14],[119,2]]],[4,[[0,0],[1,1],[2,0],[3,22],[4,36],[5,0],[6,0],[7,43],[8,12],[9,18],[10,16],[11,23],[12,0],[13,20],[14,28],[15,2],[16,0],[17,33],[18,0],[19,28],[20,21],[21,12],[22,28],[23,8],[24,16],[25,22],[26,0],[27,24],[28,26],[29,12],[30,0],[31,11],[32,44],[33,0],[34,23],[35,14],[36,0],[37,4],[38,8],[39,49],[40,20],[41,24],[42,11],[43,0],[44,36],[45,4],[46,27],[47,8],[48,22],[49,6],[50,0],[51,0],[52,0],[53,63],[54,17],[55,26],[56,13],[57,0],[58,8],[59,32],[60,27],[61,20],[62,0],[63,12],[64,36],[65,0],[66,12],[67,22],[68,0],[69,8],[70,46],[71,8],[72,4],[73,2],[74,58],[75,0],[76,2],[77,40],[78,5],[79,7],[80,41],[81,3],[82,0],[83,44],[84,10],[85,8],[86,24],[87,10],[88,0],[89,0],[90,3],[91,70],[92,11],[93,16],[94,8],[95,27],[96,0],[97,0],[98,40],[99,21],[100,13],[101,15],[102,6],[103,6],[104,32],[105,26],[106,0],[107,28],[108,11],[109,3],[110,13],[111,21],[112,16],[113,1],[114,41],[115,24],[116,0],[117,25],[118,15],[119,5]]]],