{"timestamp":1611972784002,"difficulty":["0x0"],"gasLimit":[10000000],"nodeCount":2,"startUpType":"docker","clientType":"geth","result":[{"timestamp":1611973792,"difficulty":"0x0","gasLimit":10000000,"throughput":[[4,13.506666666666666]],"generalLatency":[[4,7.396606490621915]],"txCompeltion":[[[4,0,0.9538461538461539],[4,2,0.9],[4,4,0.9489247311827957],[4,6,0.9604591836734694],[4,8,0.945364238410596],[4,10,0.9567600487210719],[4,12,0.974937343358396],[4,14,0.9811764705882353],[4,16,0.995945945945946],[4,18,0.9973890339425587],[4,20,1]]],"detailedLatency":[[[4,0,10.557419354838709],[4,2,8.038547008547008],[4,4,8.474665722379603],[4,6,6.432916334661354],[4,8,8.083605954465849],[4,10,7.903288987905793],[4,12,7.13776028277635],[4,14,6.759973621103118],[4,16,6.755753052917232],[4,18,7.260342931937172],[4,20,8.602322222222222]]],"failureInfo":[]}]}