{"timestamp":1612145611184,"difficulty":["0x0"],"gasLimit":["10000000"],"nodeCount":2,"startUpType":"docker","clientType":"geth","result":[{"timestamp":1612145969,"difficulty":"0x0","gasLimit":"10000000","throughput":[[4,3.9916666666666667]],"generalLatency":[[4,2.748793319415449]],"txCompeltion":[[[4,0,1],[4,2,1],[4,4,1],[4,6,1],[4,8,0.9864864864864865],[4,10,1],[4,12,1],[4,14,1],[4,16,1],[4,18,1],[4,20,1]]],"detailedLatency":[[[4,0,4.044],[4,2,2.92325],[4,4,2.96028],[4,6,2.7362682926829267],[4,8,2.7703424657534246],[4,10,2.712675675675676],[4,12,2.646186046511628],[4,14,2.6986582278481013],[4,16,2.6432452830188677],[4,18,3.2556190476190476],[4,20,2.7463]]],"throughputBySec":[[4,[[0,0],[1,0],[2,0],[3,2],[4,6],[5,0],[6,3],[7,9],[8,6],[9,0],[10,0],[11,0],[12,12],[13,6],[14,6],[15,0],[16,2],[17,8],[18,0],[19,1],[20,0],[21,2],[22,9],[23,10],[24,0],[25,0],[26,7],[27,9],[28,0],[29,2],[30,9],[31,5],[32,0],[33,2],[34,12],[35,2],[36,6],[37,4],[38,0],[39,9],[40,0],[41,1],[42,7],[43,0],[44,0],[45,0],[46,0],[47,15],[48,13],[49,0],[50,0],[51,5],[52,11],[53,1],[54,2],[55,6],[56,2],[57,4],[58,5],[59,1],[60,3],[61,1],[62,4],[63,13],[64,1],[65,0],[66,0],[67,18],[68,2],[69,0],[70,0],[71,0],[72,14],[73,0],[74,2],[75,2],[76,0],[77,0],[78,8],[79,18],[80,1],[81,3],[82,4],[83,2],[84,12],[85,0],[86,0],[87,2],[88,0],[89,14],[90,4],[91,0],[92,1],[93,8],[94,9],[95,5],[96,3],[97,0],[98,9],[99,0],[100,8],[101,0],[102,0],[103,8],[104,4],[105,0],[106,4],[107,8],[108,1],[109,3],[110,7],[111,5],[112,0],[113,0],[114,16],[115,0],[116,4],[117,0],[118,0],[119,4]]]],"latencyBySec":[[4,[[0,null],[1,null],[2,null],[3,3016.5],[4,2020.3333333333333],[5,null],[6,2790.6666666666665],[7,2139.777777777778],[8,1383.8333333333333],[9,null],[10,null],[11,null],[12,3039.8333333333335],[13,1734.3333333333333],[14,1358.3333333333333],[15,null],[16,1551.5],[17,2174.75],[18,null],[19,3064],[20,null],[21,3583.5],[22,4377.111111111111],[23,2841.4],[24,null],[25,null],[26,3292.1428571428573],[27,3030.8888888888887],[28,null],[29,3039],[30,2863.5555555555557],[31,2525.2],[32,null],[33,3082],[34,2567.25],[35,2090],[36,1769.6666666666667],[37,1507.25],[38,null],[39,1972.4444444444443],[40,null],[41,2627],[42,2650.5714285714284],[43,null],[44,null],[45,null],[46,null],[47,4213.4],[48,3302.846153846154],[49,null],[50,null],[51,2403],[52,2509.5454545454545],[53,1676],[54,1777],[55,2518],[56,2010.5],[57,2540],[58,2302],[59,3520],[60,3028.3333333333335],[61,3502],[62,3677.75],[63,2870.153846153846],[64,3531],[65,null],[66,null],[67,2821.8333333333335],[68,1008],[69,null],[70,null],[71,null],[72,3387.0714285714284],[73,null],[74,3062.5],[75,4015],[76,null],[77,null],[78,3473.875],[79,4120.722222222223],[80,2069],[81,2422.3333333333335],[82,2512.75],[83,3101],[84,2047.3333333333333],[85,null],[86,null],[87,3008],[88,null],[89,3194.9285714285716],[90,2517.75],[91,null],[92,3049],[93,2922.5],[94,2467.8888888888887],[95,1464.2],[96,1340],[97,null],[98,1821.7777777777778],[99,null],[100,1540],[101,null],[102,null],[103,2540.25],[104,2039.5],[105,null],[106,3036.5],[107,2545],[108,2074],[109,3032.6666666666665],[110,2610.1428571428573],[111,2270.2],[112,null],[113,null],[114,2546.0625],[115,null],[116,2047.25],[117,null],[118,null],[119,4050.25]]]],"failureInfo":[{"type":"network-packageLoss","startAfter":20,"duration":60,"level":1,"nodeName":"node0","label":"network failure test","status":"injected","startTime":1612145770855}]}]}