{"timestamp":1613025479193,"difficulty":["0x0"],"gasLimit":["10000000"],"nodeCount":2,"startUpType":"docker","clientType":"geth","result":[{"timestamp":1613025853,"difficulty":"0x0","gasLimit":"10000000","throughput":[[2,1.5333333333333334]],"generalLatency":[[2,2.9718695652173914]],"txCompeltion":[[[2,0,0],[2,2,0.75],[2,4,0.7142857142857143],[2,6,0.75],[2,8,0.8484848484848485],[2,10,0.7272727272727273],[2,12,0.7608695652173914],[2,14,0.7391304347826086],[2,16,0.84],[2,18,0.7857142857142857],[2,20,0.75]]],"detailedLatency":[[[2,0,0],[2,2,3.2231666666666667],[2,4,3.0627333333333335],[2,6,2.651611111111111],[2,8,2.961910714285714],[2,10,3.1316527777777776],[2,12,3.012257142857143],[2,14,3.1604901960784315],[2,16,2.707452380952381],[2,18,2.8144545454545455],[2,20,2.761]]],"throughputBySec":[[2,[[0,0],[1,2],[2,0],[3,0],[4,0],[5,0],[6,0],[7,5],[8,4],[9,3],[10,0],[11,6],[12,1],[13,0],[14,0],[15,0],[16,9],[17,0],[18,0],[19,0],[20,4],[21,3],[22,0],[23,0],[24,5],[25,1],[26,1],[27,1],[28,1],[29,3],[30,0],[31,0],[32,0],[33,0],[34,4],[35,6],[36,0],[37,2],[38,1],[39,1],[40,0],[41,0],[42,6],[43,0],[44,0],[45,3],[46,3],[47,0],[48,0],[49,2],[50,4],[51,0],[52,0],[53,4],[54,1],[55,1],[56,0],[57,0],[58,6],[59,0],[60,3],[61,0],[62,2],[63,0],[64,0],[65,0],[66,4],[67,5],[68,0],[69,2],[70,0],[71,0],[72,0],[73,0],[74,4],[75,4],[76,0],[77,1],[78,1],[79,1],[80,3],[81,0],[82,0],[83,0],[84,7],[85,0],[86,5],[87,0],[88,2],[89,1],[90,1],[91,0],[92,2],[93,0],[94,3],[95,0],[96,3],[97,0],[98,0],[99,0],[100,0],[101,0],[102,8],[103,0],[104,5],[105,2],[106,0],[107,1],[108,0],[109,4],[110,3],[111,1],[112,2],[113,1],[114,1],[115,0],[116,0],[117,7],[118,0],[119,0],[120,4],[121,0],[122,3],[123,0],[124,2],[125,0],[126,4],[127,0],[128,2],[129,0],[130,1],[131,0],[132,1],[133,2],[134,0],[135,0],[136,9],[137,0],[138,3],[139,0],[140,0],[141,0],[142,0],[143,0],[144,3],[145,7],[146,0],[147,0],[148,2],[149,3],[150,1],[151,0],[152,2],[153,0],[154,3],[155,0],[156,0],[157,0],[158,3],[159,5],[160,2],[161,2],[162,3],[163,0],[164,0],[165,0],[166,4],[167,0],[168,3],[169,2],[170,1],[171,2],[172,3],[173,0],[174,0],[175,0],[176,0],[177,0],[178,0],[179,11],[180,0],[181,2],[182,1],[183,2],[184,2],[185,0],[186,0],[187,0],[188,6],[189,0],[190,0],[191,0],[192,0],[193,5],[194,0],[195,0],[196,0],[197,7],[198,0],[199,0],[200,2],[201,5],[202,1],[203,1],[204,0],[205,2],[206,3],[207,1],[208,0],[209,0],[210,0],[211,2],[212,7],[213,0],[214,0],[215,0],[216,6],[217,1],[218,0],[219,0],[220,5],[221,0],[222,2],[223,3],[224,1],[225,0],[226,0],[227,0],[228,6],[229,1],[230,1],[231,1],[232,3],[233,0],[234,3],[235,2],[236,0],[237,1],[238,3],[239,0]]]],"latencyBySec":[[2,[[0,null],[1,1016.5],[2,null],[3,null],[4,null],[5,null],[6,null],[7,4031.8],[8,3806.5],[9,2030.3333333333333],[10,null],[11,2393.8333333333335],[12,3086],[13,null],[14,null],[15,null],[16,3059],[17,null],[18,null],[19,null],[20,3050.5],[21,2413.3333333333335],[22,null],[23,null],[24,2516.8],[25,1026],[26,2098],[27,2114],[28,2094],[29,2179.3333333333335],[30,null],[31,null],[32,null],[33,null],[34,4743.75],[35,2585],[36,null],[37,1548],[38,2057],[39,2262],[40,null],[41,null],[42,2756.6666666666665],[43,null],[44,null],[45,2165.3333333333335],[46,2512],[47,null],[48,null],[49,2892],[50,2397],[51,null],[52,null],[53,2412],[54,2070],[55,2270],[56,null],[57,null],[58,2838.8333333333335],[59,null],[60,1805.3333333333333],[61,null],[62,2039],[63,null],[64,null],[65,null],[66,3778.5],[67,2441.2],[68,null],[69,1532],[70,null],[71,null],[72,null],[73,null],[74,4919],[75,3116.5],[76,null],[77,3054],[78,4009],[79,3091],[80,4001.6666666666665],[81,null],[82,null],[83,null],[84,4403.571428571428],[85,null],[86,2468],[87,null],[88,2043.5],[89,2105],[90,2008],[91,null],[92,3591],[93,null],[94,3715.3333333333335],[95,null],[96,3733.6666666666665],[97,null],[98,null],[99,null],[100,null],[101,null],[102,6066.125],[103,null],[104,3664.4],[105,2555],[106,null],[107,3013],[108,null],[109,3822.75],[110,2391.3333333333335],[111,2085],[112,2031.5],[113,2105],[114,2031],[115,null],[116,null],[117,2773.8571428571427],[118,null],[119,null],[120,2049.75],[121,null],[122,1711.3333333333333],[123,null],[124,2042],[125,null],[126,2047.25],[127,null],[128,2039.5],[129,null],[130,3121],[131,null],[132,4077],[133,4590],[134,null],[135,null],[136,3742],[137,null],[138,1744.3333333333333],[139,null],[140,null],[141,null],[142,null],[143,null],[144,4101.333333333333],[145,4046.714285714286],[146,null],[147,null],[148,3087],[149,3047.6666666666665],[150,2011],[151,null],[152,3569],[153,null],[154,3724.3333333333335],[155,null],[156,null],[157,null],[158,4124.333333333333],[159,5037.4],[160,2546.5],[161,2577],[162,1710.6666666666667],[163,null],[164,null],[165,null],[166,3286.5],[167,null],[168,3111],[169,2551],[170,2010],[171,2115],[172,2069.3333333333335],[173,null],[174,null],[175,null],[176,null],[177,null],[178,null],[179,4067.7272727272725],[180,null],[181,1591],[182,2007],[183,1576.5],[184,1542.5],[185,null],[186,null],[187,null],[188,2720.6666666666665],[189,null],[190,null],[191,null],[192,null],[193,4060.4],[194,null],[195,null],[196,null],[197,4071.1428571428573],[198,null],[199,null],[200,3087.5],[201,3099],[202,2118],[203,2077],[204,null],[205,3071],[206,2407.3333333333335],[207,2061],[208,null],[209,null],[210,null],[211,4084.5],[212,3352.285714285714],[213,null],[214,null],[215,null],[216,2739.5],[217,1013],[218,null],[219,null],[220,2465.6],[221,null],[222,2048.5],[223,1402],[224,1124],[225,null],[226,null],[227,null],[228,2719],[229,1091],[230,2007],[231,1006],[232,2006.6666666666667],[233,null],[234,1674.6666666666667],[235,1009],[236,null],[237,1005],[238,2007],[239,null]]]],"failureInfo":[{"type":"network-packageLoss","startAfter":20,"duration":60,"level":1,"nodeName":"node0","label":"network failure test","status":"injected","startTime":1613025627831},{"type":"nodeFailure","startAfter":10,"duration":20,"level":1,"nodeName":"node1","label":"node failure test","status":"injected","startTime":1613025617837}]}]}